method,psnr_mean,psnr_std,ssim_mean,ssim_std,niqe_mean,niqe_std
clahe,9.559818827925533,2.9971761961251406,0.40224165,0.12462772,1.3506270443329813,0.0508515238172586
