metric,mean,std
PSNR,18.30114762498693,3.6509622215529074
SSIM,0.8048465251922607,0.09792148321866989
NIQE,1.0069229318627888,0.04740105542004293
