metric,mean,std
PSNR,17.801981168535,3.526751019520772
SSIM,0.7496206760406494,0.09822474420070648
NIQE,0.8708212540989645,0.04964148835054884
